{
    "model_params": {
        "sequence_length": 24,
        "forecast_horizon": 1,
        "input_shape": [
            24,
            15
        ],
        "n_features": 15
    },
    "test_metrics": {
        "mae": 6.587987170248253,
        "rmse": 8.66063422976148,
        "r2": 0.6572128591374663,
        "mape": 16.98454065984945
    },
    "training_metrics": {
        "mae": 4.008869140027819,
        "rmse": 5.512004497328911,
        "r2": 0.9141228871613041,
        "mape": 12.35302968879087
    },
    "validation_metrics": {
        "mae": 5.894372011039118,
        "rmse": 8.030150744070557,
        "r2": 0.6109220304623133,
        "mape": 21.661047136637578
    },
    "metadata": {
        "creation_date": "2025-12-08 19:50:50",
        "data_source": "final_training_data_all_regions.csv",
        "region": "doha",
        "target_column": "pm2_5 (\u03bcg/m\u00b3)"
    },
    "feature_columns": [
        "temperature_2m (\u00b0C)",
        "relative_humidity_2m (%)",
        "wind_speed_10m (km/h)",
        "wind_direction_10m (\u00b0)",
        "pm10 (\u03bcg/m\u00b3)",
        "carbon_monoxide (\u03bcg/m\u00b3)",
        "nitrogen_dioxide (\u03bcg/m\u00b3)",
        "ozone (\u03bcg/m\u00b3)",
        "dust (\u03bcg/m\u00b3)",
        "hour_sin",
        "hour_cos",
        "day_sin",
        "day_cos",
        "month_sin",
        "month_cos"
    ],
    "sequence_length": 24,
    "forecast_horizon": 1
}